image_id,area,area_bbox,area_convex,area_filled,axis_major_length,axis_minor_length,eccentricity,equivalent_diameter_area,euler_number,extent,feret_diameter_max,intensity_max,intensity_mean,intensity_min,moments_hu-0,moments_hu-1,moments_hu-2,moments_hu-3,moments_hu-4,moments_hu-5,moments_hu-6,moments_weighted_hu-0,moments_weighted_hu-1,moments_weighted_hu-2,moments_weighted_hu-3,moments_weighted_hu-4,moments_weighted_hu-5,moments_weighted_hu-6,perimeter,perimeter_crofton,solidity,inertia_tensor_eigvals-0,inertia_tensor_eigvals-1
B19,943.0,4108.5,1106.0,943.0,123.57054889842797,10.548066748961663,0.9965732778908765,34.65012459878295,1.0,0.22899001265467883,116.77151349254108,0.027031357289997712,0.014111309125008837,0.005828946364538033,1.043106581543079,1.0608063640769294,0.004375421247326537,0.0012434355137904076,1.099837189002441e-06,0.0006630068292623901,7.50208448435242e-08,74.04720488935453,5253.6389514321345,7588.008982581907,5412.063805012073,36281778.7526537,369653.0622188247,-244015.60000207604,247.95993847044718,238.05680400516877,0.8492879746835442,955.4182128765362,6.961393389528737
C08,992.0,4017.0,2320.0,992.0,105.01897793833349,31.627364653452634,0.9621864953238339,35.539465786323824,1.0,0.2709810874704492,94.13288479590966,0.03057907988097963,0.014241209218975018,0.005752651255054551,0.7929470457263261,0.4552631137171742,0.08567782643805429,0.018319237479001084,6.545398322820797e-05,0.0007387901088028442,2.253233713986366e-05,50.73258062302614,1876.3183973253829,31037.40838639458,6120.538317367013,4518897.054612193,69498.2678107359,131317.93146892055,261.03657992645924,250.15971318704044,0.4745098039215686,689.311607950761,62.51813718265407
A19,1007.0,5570.0,1256.0,1007.0,132.80418081977274,10.995166672381181,0.9963435313446138,35.80520643037096,1.0,0.19481290587485278,125.00783977421969,0.03383688105592431,0.017056989860911313,0.005264362554360266,1.1010979822870666,1.1823463973569672,0.004465287573828806,0.0018082778820793029,1.1242592804279705e-06,0.0003860948182701899,-1.1918395284566777e-07,73.85722411877973,5305.487453796757,9226.734523120092,6673.665822287134,46964025.26209994,423909.3657529593,-1899.3357292498763,265.28279195104676,256.8471575575595,0.8124666381390588,1102.3178391174206,7.5570204903481795
A17,1003.5,3452.0,1205.0,1003.5,130.924845436792,10.653125275215917,0.9966955009284753,35.74473790334929,1.0,0.25672617660764213,125.74226245988532,0.028221560997940032,0.014100784939594628,0.004592965590905622,1.0276169165121818,1.0291960426947473,0.005840311810566873,0.0017643800879140665,2.4878573174979393e-06,0.0006714605078263071,-2.5842594555685193e-07,83.63433787240692,6756.897320687416,11922.301041238956,9432.248373153616,109891943.53645414,702894.5963250267,-7180.150784199711,267.734541726031,257.0819836548636,0.8344330976343067,1071.5456363012736,7.093067384968652
C14,986.0,7068.0,1223.0,986.0,132.2627680205698,10.362721896044697,0.9969131539005456,35.43182455235505,1.0,0.13383333333333333,125.73384588089239,0.02618448157473106,0.012093886500430738,0.004150453955901427,1.1245485155076778,1.2350835305341998,0.010816170754344781,0.0020749977635830664,1.8031720435125406e-06,-0.00037039116833832253,2.266077267554032e-06,95.50680086013534,8748.100687536438,58065.8585210572,39343.46317131474,1872939550.0100977,2767755.383588989,102463.4552800837,266.9604614807105,255.7759050691186,0.8335820895522388,1093.3399877789413,6.711625318422762
B05,1036.0,4853.5,1890.0,1036.0,116.18919167457784,23.59556151539206,0.9798674432016227,36.318745582868715,1.0,0.19738120571636694,105.27808512453245,0.03301289387350271,0.01591469942291566,0.006149385824368658,0.8751233989752878,0.6550931918645357,0.036488726406555164,0.008504804398900083,-4.928321026999215e-07,-0.00029824412894754136,-3.59510515939377e-05,55.24617085794108,2875.740366180807,13603.395791805717,1955.7277373930174,-501761.2306241117,-13460.020778873766,-6664.656305057935,261.63455967290594,250.72663353595104,0.5914318190092105,843.745821853838,35.87237091155026
D11,966.0,3328.0,1807.0,966.0,113.76642649807108,26.199175862966932,0.9687977665812598,35.070634442709576,1.0,0.31587301587301586,106.17438485811914,0.026550698100251773,0.013116303876782276,0.004882887006942855,0.8024416014425905,0.5029938161923793,0.07875728651374611,0.011926547099811087,-1.7907433268670656e-05,-0.002264830244001601,-5.550715264382746e-08,56.75278871075052,2456.064579284011,30242.069689782933,8995.501791277686,16945130.909903,35584.23423741863,-18230.11836425414,254.63455967290594,244.09021739317137,0.5257595772787318,808.9249873838132,42.899800993666815
A03,937.0,3969.0,1679.0,940.0,107.27623158760426,26.536486547964866,0.9737481413215062,34.54020054106298,1.0,0.19612244897959183,99.15644204992432,0.028732738231479364,0.014440303454417425,0.006301976043335622,0.8386526219681273,0.6122390987757662,0.015810215493051522,0.00485291120397561,4.5292571861976453e-07,0.00030187535602391494,1.7964472204609974e-10,60.12280900954882,3013.8264956775174,6624.402318679054,1679.6957268847111,76785.9614741103,9301.218131190417,443108.1697563231,250.52186130069785,241.38558036855537,0.5904416212946159,719.2618664773314,44.01156989439502
B24,1023.0,4165.0,1162.0,1023.0,132.96030130547794,9.953503936647978,0.9971033376574007,36.09049811604256,1.0,0.24671852211959164,128.09761902549164,0.024658579385061417,0.012561843199644006,0.0035553521019302666,1.1392759284670728,1.2601062126859095,0.00797293586349673,0.002941156545823298,5.347436566349263e-07,0.00026641271219612987,2.2988570162134253e-09,109.88491671220484,11782.171511611225,26610.743008737096,21390.939542560904,510012483.05260223,2218891.5655547576,-153133.5799455475,276.5096679918781,264.8291205321828,0.8517350157728707,1104.9026077027174,6.192015038554175
A24,964.5,6099.0,1203.0,964.5,131.48186607230923,10.33163802049896,0.9969374353705606,35.04313023496985,1.0,0.15232013858174848,126.83925890876807,0.029159990844586862,0.012786400561502154,0.004295414663920042,1.0750265983896674,1.1257692301359015,0.007180633687356117,0.0014820207114707835,3.7314561671976276e-07,0.0003946300837073743,7.247059721785577e-10,94.80316458079344,8742.311049487162,24049.751709516255,21745.1214736173,501318982.0005538,2051299.3113991749,445109.7759578929,273.75230867899734,262.2149799814049,0.8348564202181512,1080.474560310927,6.671938159271725
A22,885.0,4800.0,1069.0,885.0,130.79767748841155,9.587428994197545,0.9973782103474994,33.568094927931476,1.0,0.17696730147323034,123.10158406779338,0.021820401312275882,0.010684607964964834,0.004684519722285801,1.1651430333091666,1.3209137701493523,0.00950517790197376,0.003540264915365715,1.2728844489453275e-05,0.0015022707170787592,1.4758290354837717e-08,122.39046895334312,14678.187224865174,16202.087603855107,12833.656639514795,181767890.62134683,965925.3453469247,622267.6555591151,266.7989898732234,259.41026988059804,0.8386763185108583,1069.2520272726574,5.7449246699237335
B22,866.0,4644.0,1025.0,866.0,126.25405883255594,9.560312679945692,0.9969954379075714,33.20580439833751,1.0,0.18714321171506576,119.07980517283357,0.02542153047989624,0.013140793788112533,0.0052491035324635695,1.0969908618660413,1.1692040384630782,0.006052403692628385,0.004246397735359857,1.0939512221213442e-05,0.0022508874299366232,4.3073875032299073e-07,78.4412150783149,6011.814162308041,9025.639467273308,3338.7800508686346,16379089.205924796,170578.92082344246,71728.18162436783,250.55129855222071,240.21904310509998,0.8157033805888768,996.255460730906,5.712473658645649
B09,1108.0,4526.0,2175.0,1108.0,104.36133782979033,25.562022789786134,0.9713299479734454,37.559928999300055,1.0,0.2314270421607378,97.30550407738536,0.030899519340810255,0.014407381018684981,0.0053711757076371405,0.7633755093715957,0.4739803849882712,0.0514615879966289,0.00949070760606516,-8.466003995832102e-06,-0.00019179002527492376,-1.6959969456292498e-07,53.885669152135236,2354.105742537997,17193.572254619517,3263.627807864159,1255537.803004927,-2135.1489958345123,-1768532.1927911078,258.73149339882605,248.52154034968902,0.49205961605279336,680.7612460521859,40.83856424177529
A09,917.0,4935.0,1368.0,919.0,113.2084221247857,16.02341876501181,0.9893376420595152,34.16958680642984,1.0,0.18581560283687942,102.88342918079665,0.029312581063553826,0.01485516534115354,0.006042572671091783,0.8825987760106351,0.740544725230973,0.05244240371622536,0.0106808430273424,5.990675370970374e-09,-0.00036443132408036115,-1.5809046575355925e-05,68.60009210868866,3711.667209828858,35002.04824233296,11234.102475406207,43744925.880945444,37686.5091789116,-13580390.87819767,246.47518010647187,236.35464049749294,0.6612062546537603,801.0091774989792,16.04687180743329
C04,1039.0,4183.0,1676.0,1039.0,110.03551278892988,23.870738328395078,0.9764128805155979,36.371635747926355,1.0,0.2446933962264151,97.24710792614863,0.030930037384603648,0.015901134462016304,0.005188067444876783,0.8400277321012439,0.5124951434273225,0.04431510734279232,0.004738965446788809,-2.0397131321934587e-05,-0.0016719424972680215,-4.7867705576209696e-11,56.95667705558427,1996.834574902777,12122.674408061355,3658.3137103868175,-2499.045793145082,16.03051120360692,-2806.7348802000124,260.2375900532359,251.96054730996303,0.5290047897817989,756.738379670172,35.613259271419366
B15,1015.0,4070.0,1312.0,1015.0,130.0980857375488,11.106969446986657,0.9963489912232785,35.949104827605794,1.0,0.22899262899262898,120.7683733433551,0.034042877851529714,0.016414385039284173,0.004577706569008927,1.0393167028239036,1.048169574846464,0.007964669949876131,0.0039060197513050066,2.2404808638788465e-05,0.0014543489535826085,-1.1606775772313146e-06,77.24942402255527,5778.266547337679,8148.637878800067,4651.697751055442,32654565.829680875,226821.3786696889,-4773.310927951296,264.3919189857866,253.3407740867289,0.8148984198645598,1057.844494535912,7.710298143518443
A15,941.0,4830.0,1197.0,941.0,131.91556296580083,10.504417879432426,0.9966413943320168,34.61384710770804,1.0,0.18985378821444396,124.01612798341996,0.02630655374990463,0.01144790236133364,0.0040588998245212485,1.109801133092092,1.2042034868007354,0.004039485504370922,0.0018245509935251264,1.4263774677154768e-06,0.0004169380499271775,-5.63840155853224e-11,103.78886380098126,10549.5349516988,40024.46107054611,19992.169126737237,140921710.19784468,1715113.5651401058,348804.6927576065,264.79393923934,253.72191318678688,0.843503937007874,1087.60723453651,6.896424686608725
D07,1017.0,4992.0,2040.0,1017.0,115.63750903412316,24.938570446118774,0.9738356001796176,35.98450523483212,1.0,0.20722135007849293,104.80935072788114,0.03012130922407874,0.01407823254286976,0.005569542992294194,0.7975101247499227,0.5783137823653306,0.09033214120480881,0.017037318577874314,1.905554452082704e-06,-0.001293063144385213,-7.097483795260315e-05,56.49708954932611,2585.479356594519,36834.750494670836,5819.001746995093,11470377.112259,38621.81347561536,-10833933.68820211,254.2914139223983,243.76489482202922,0.4833040421792619,835.7520934760571,38.8707684935018
A13,966.5,3638.0,1225.0,966.5,129.4622291291035,10.52414598251017,0.9968566389766496,35.07968018084172,1.0,0.2839433229813665,123.61263595533046,0.020698863202868695,0.009012799992108184,0.0033035782406347753,1.0984824043350883,1.176605814801178,0.0103173248397186,0.004945677595646085,2.8196702296905624e-06,0.000683392650523689,-9.219284278274975e-07,138.8122890638437,18833.084620795304,76346.75555315436,46830.236931445324,947884569.853935,2881124.404223875,-6312784.910604775,262.257882323144,253.9356027000974,0.8256967670011148,1047.5482857538057,6.930500843816052
C02,1030.5,3929.0,2163.5,1030.5,117.14678204146853,25.67912242028102,0.9778507933444716,36.22252642061124,1.0,0.26063013412612346,103.35815479426739,0.031013962005035478,0.014905288380179257,0.006813153276874952,0.8709373236909219,0.6276030958184999,0.09707311632349727,0.017713223664213424,-4.024500268743186e-06,-0.0013356364745377306,-0.0002156410030825856,62.3862028600846,2554.5914416884634,24756.84208167022,5966.97463369134,8946043.451567473,42380.37522373273,-17464188.88935128,265.86500705120545,254.737349146312,0.45260557053009887,858.1367151595293,41.21497065564196
D01,928.0,3220.0,1571.0,928.0,112.14713398063611,19.290350335261632,0.9835671995538043,34.37391885593249,1.0,0.28819875776397513,101.24228365658294,0.032104982070649275,0.014956748820944268,0.0067750057221332115,0.8823255894607962,0.6654459066075054,0.02738547118593284,0.006684987600047883,-9.795354545546583e-06,-0.0004654248087709301,2.5968453646884644e-07,59.03691082123231,3205.4580312698927,12029.364213931669,3257.639373203952,217276.4676188379,-524.0068414674429,139295.52246862766,246.12489168102786,236.0225462458864,0.5445724681625227,786.0612287544218,23.257351003570534
B21,1013.0,6776.0,1248.0,1013.0,134.71861209383013,11.09705960222925,0.9967569165774103,35.91366952591617,1.0,0.15554899645808737,130.08458786497346,0.024719615472648202,0.014322876043772984,0.004882887006942855,1.1065305485751653,1.1914672546526008,0.009488537196455041,0.0028936774041948723,4.2552871678705985e-06,0.0005347437731323476,3.4192834992561267e-06,84.61674844303604,6836.190234580765,5259.35344090771,2093.1409845885164,6049336.7754842825,123443.82870747749,-27827.988155490613,276.2497833620557,264.582734453238,0.8369252873563219,1134.319027780492,7.696545738464275
D21,933.0,4508.0,1191.5,933.0,132.85869347995674,10.258847189459045,0.9969491030758628,34.465129475581804,1.0,0.19903213902308103,125.89668249793858,0.02779430838483253,0.013658989015624394,0.004898146028839551,1.1023819559562846,1.1822312638904726,0.012262182439208862,0.003915085941422478,8.855881508890665e-06,0.00155142078616462,3.1924549648567744e-07,91.4613722527476,8144.916260043003,17871.19484950696,12570.088850085796,207703136.5910539,759120.5560627293,-1392127.7271626573,263.8061325481598,252.78541371945914,0.8102301726441663,1103.2829039766489,6.579960147471553
D18,1022.0,5400.0,1252.0,1022.0,125.49427229772932,11.275863234765762,0.9959100366831815,36.07285426355026,1.0,0.19392948018902217,116.76472069936193,0.028259708552681773,0.013716261153716618,0.0055390249485008005,1.0007146412352779,0.9423985331578066,0.0049335785764531535,0.0012331282759605517,1.4458081263747473e-06,0.00037172033634435734,-1.409149130055032e-07,77.90856494727649,5886.322253848208,14106.552441000666,11568.548486620506,145143994.10942164,1051913.61500004,-14228.11992969364,254.56349186104046,244.4155399643135,0.8530682800345721,984.3007737210396,7.946568230571387
C13,935.5,4864.0,1190.5,935.5,129.18562525306402,10.027578215749488,0.9965762304135793,34.51150606521078,1.0,0.197511717673008,122.1685042507855,0.01879911497672999,0.009052701814181694,0.0033188372625314717,1.0714914124125992,1.11930923959788,0.00886030547373851,0.0035667686976449354,1.5226719819220251e-05,0.00186484776680558,-2.0208348984641998e-07,126.66764641232577,15604.210663352138,114037.7837283194,115001.37249450193,9573443717.100697,9282426.474588918,9063533.514126597,262.6553749530772,252.8888726358822,0.8237544891104376,1043.0605835286785,6.28517074424245
D02,1037.0,3434.0,1907.0,1037.0,101.97022995877772,36.17111481112488,0.9357083949680103,36.33661249883324,1.0,0.2839945280437757,88.23264701911646,0.03218127718013276,0.016601942061635875,0.007171740291447319,0.7555942375944624,0.31223770877942236,0.03611722892619789,0.004742533161124744,2.2510208652922356e-07,-0.00035613585383640007,-3.7436089391020263e-08,47.918049198052465,1373.5909940101794,23924.984211413786,6468.659279260379,2312519.7595265894,225.890704108139,-26364.29478932079,256.9360748630709,246.27219061615187,0.5034084950183534,649.8704873653755,81.7718466674736
A10,1009.0,3838.0,1500.0,1009.0,121.03553400687474,14.142236618558645,0.9930372436969229,35.84269382507095,1.0,0.26608649789029537,111.30588483993108,0.026504921034561684,0.012174856194806015,0.004898146028839551,0.9776938969462232,0.8987153901322894,0.03803345326028099,0.008155943623530835,1.1760998342242123e-05,0.0005058992740753791,7.404697070167892e-05,73.7974143240261,5265.4621022613865,23679.53059227152,7297.866017299001,9085134.293670192,87659.42968785665,3418814.4484277014,265.3380951166243,254.237805307958,0.6547868623340322,915.6000307705833,12.500178535956316
B10,1028.5,4398.0,1702.0,1028.5,115.93136354937846,17.255502380359886,0.9898652494590285,36.187298939946004,1.0,0.23883200848407032,109.80605153915565,0.028587777523460745,0.012470877748169018,0.005539024948500801,0.8707454509540972,0.6874872289272529,0.03637121503650789,0.005541500461447778,2.006023424738128e-06,-0.0008329684959214867,-4.269174145900314e-07,67.69960952348166,4048.8771488495586,30451.069430858428,10462.950095160752,44444031.68116098,92191.0764484456,-175950.18812993862,255.81475451951127,245.87949153445317,0.6000968679367129,840.7239834836857,18.65792914801579
D04,1011.0,3872.0,1730.0,1026.0,120.2627057365569,17.667714888937674,0.9883191302465284,35.878199226372125,1.0,0.245748987854251,112.92918134831227,0.030731670099946595,0.01616241794200137,0.006790264744029908,0.9341594586811535,0.8014050491953016,0.0201343225201813,0.0057474647379046305,9.234444914800369e-09,4.497345287697953e-06,3.9182621372872993e-07,59.363818158522925,3234.4725380113546,9856.636136152469,4556.346787174144,7260214.050617464,510.375637930223,289396.6290640421,264.8944443027283,253.8171979618014,0.5888372093023255,903.9448994423547,19.50925933729937
A04,985.0,4687.0,1742.0,985.0,121.91831403387904,16.701867704544032,0.9904086524457146,35.413852537730705,1.0,0.2233838276082782,116.01724009818541,0.030975814450293737,0.016259515300885832,0.007782101167315175,0.9069535519320592,0.7320500472110096,0.03369031510991998,0.009712063348677297,3.8056623561442354e-07,-4.343582928585882e-05,6.430174755766256e-08,59.810026418632646,3369.04652997876,10073.402421005161,4262.45791312863,15534.245451362338,-178.63657798459684,-631.8714138720272,258.7878425849301,249.62070110258782,0.5794133923630327,929.0047060539716,17.434524051255686
B16,968.0,3919.5,1216.5,968.0,125.61740875915675,10.931357273081636,0.9960939026956923,35.10690194209859,1.0,0.23651446078302793,117.61076114188168,0.025360494392309453,0.011586780774963359,0.0044785229266803995,1.0027304516282844,0.9497754256640227,0.006706944167485594,0.0015749985263277223,9.044032809244933e-07,0.0003756201089766913,1.7884515973383412e-07,94.59125047439922,8706.120375590883,20432.786535113893,12847.53005411809,52249621.52641511,513913.3567383981,307963.14909011417,251.68124086713186,241.29029559354086,0.8107247148081437,986.2542709268325,7.468413010062676
C07,1051.5,4372.5,1753.0,1083.5,102.47035139513369,32.094599344739606,0.9291011887133873,36.58767704891613,1.0,0.2694258729209387,97.56534924691748,0.03121995880064088,0.016392557313743047,0.005897611963073167,0.6922179458766627,0.27673947649677927,0.020562830026774084,0.008032527492644437,3.3553899302347124e-05,0.0008161924018540413,-4.777121242427343e-07,43.79757228975841,1360.3576550438097,6134.056239768979,2151.847064794873,1947367.2243223335,29589.28997231764,1.1040469091623386,259.44469683442253,248.84686292083114,0.5658089954365827,656.3307863084328,64.49907568309523
C20,909.0,5454.0,1134.0,909.0,128.531793945298,9.625859922473886,0.9971518361909231,34.02021084832166,1.0,0.16759530791788857,124.57929201917949,0.028290226596475166,0.013107911658706133,0.004837109941252766,1.1487773218830355,1.2851357313861183,0.0048573326753557165,0.0009232832324600796,4.1562023349198036e-07,0.00012258418871779816,1.1666935268448184e-08,101.76593423468815,10105.052977549454,6630.735745595204,4306.313723582596,18437608.685789265,333331.20154394046,927.856984424242,264.05382386916233,253.4129388984619,0.8312912346842601,1032.526378424784,5.79107370294306
D23,919.0,4160.0,1104.0,919.0,129.31570321242248,9.543160159385263,0.9972673964930112,34.20682887394876,1.0,0.2514423076923077,117.64352935882194,0.024460212100404364,0.01242580840230818,0.004715037766079194,1.1653232775416187,1.3294287481370728,0.011214420524382339,0.0038045504038959747,9.999926277268932e-06,0.002778045867929088,-3.4141428263613673e-07,94.24347633154264,8632.209963565994,14072.507960887235,11679.220335752647,143766399.49078313,794364.4413792557,-498103.54037052393,254.19090885901,243.66961004701474,0.8363443145589798,1045.1594435827083,5.691994114229885
C19,1002.5,4872.5,1206.0,1002.5,130.33576400814218,10.541659908670638,0.996860742595076,35.726736523880184,1.0,0.20061833236920346,125.21767842866848,0.0351796749828336,0.015067557524021863,0.004798962386511025,1.0995386642565965,1.1812934565698971,0.005363043745897593,0.0016435929299434616,1.5736201007552973e-06,6.709068629140306e-05,2.3689179174042624e-07,81.86226747708957,6563.996105514542,11827.92497807537,6631.306795983237,51697955.68430498,475182.8961612303,-6110.752326714303,270.58430714121175,259.21152618916045,0.8595436780956974,1061.7184154101542,6.946211250655352
D08,1025.5,4164.0,2005.5,1044.0,103.51958900793937,32.09289016403552,0.951919373037368,36.13325459727267,1.0,0.2505484861781483,94.29523431902194,0.029724574654764628,0.01515443801613079,0.005485618371862363,0.712785557589133,0.35147411311105203,0.01808037330888762,0.003540631690407774,-2.580767967089145e-06,-0.0001341327156611104,-1.7848518552723374e-06,55.6192545016245,1802.208834087275,8861.163000092312,2081.523698604463,46.51829824567672,5.159274218336263,71070.34378153806,248.211201128918,238.68771502440376,0.5235019816263816,669.8924049325433,65.22920186811817
C11,1041.0,3078.5,1923.5,1041.0,105.84248707780947,25.526482477014092,0.9685077595526002,36.404945344094756,1.0,0.32520953440280737,102.26532482836328,0.022652018005645837,0.010380837259642041,0.003723201342793927,0.7368658305985738,0.4027919493969633,0.04904919426878944,0.009937205911228725,7.233223711210393e-06,0.00017437205768698751,2.648416117096365e-05,73.1818184133922,3026.2770682935243,87612.34482996791,19484.591359580103,161097510.4712836,324061.1313031647,-5893342.195571271,243.03657992645927,235.05813851410073,0.5656134161155539,700.1874489175505,42.184439968516095
E03,1066.0,4188.5,1916.5,1066.0,115.53558455744167,23.10385554581623,0.9801783843546277,36.839569803637936,1.0,0.24703470126328636,106.27218088758666,0.03451590753032731,0.018499535568436233,0.007286182955672542,0.7858869340083503,0.547475060937922,0.03698462541117895,0.009170623003360474,3.854792777089438e-05,0.0008698188669447272,-0.00011213779894657822,42.48116027621832,1644.6959429712588,5582.381402422981,1547.9130095354144,2780202.7487960286,36037.281181065,-702264.0499304854,261.9802307403552,254.27727355405668,0.5593047112654956,834.924159038492,33.56739670655283
D12,1037.0,3296.0,1967.0,1037.0,114.34026043495466,24.06558931647903,0.9800275881065247,36.33661249883324,1.0,0.2893687707641196,106.48004507887852,0.023041123064011595,0.010361361449074413,0.004196231021591516,0.9058652219304735,0.6843615072027373,0.08595730690556341,0.012609906472514283,3.509165293679613e-07,-0.0013604134246465124,3.9036503542638035e-07,80.06874682041673,5456.897996069526,87908.78365822346,11441.455346820978,-8660818.398583308,-62369.78172757212,38122847.92946393,270.04267658086917,258.73650477503224,0.5028868360277137,817.1059472708287,36.197036821839355
B06,1032.0,3772.0,1988.0,1076.0,110.21357284306359,23.891480446406966,0.978057820941423,36.24890633062862,1.0,0.2886297376093295,92.65527507918802,0.032364385442893114,0.016728339079768423,0.006729228656443122,0.8136979271759458,0.5495580314836128,0.04339116669334883,0.01148905050027536,1.5015592081676792e-05,0.0009018074876351661,3.395010531454205e-05,46.79462514247746,1503.424707233701,7494.420373184452,3635.5922054103135,-54.2123742675924,19.121871550199423,58.52011008012515,259.1370849898476,249.49271976193904,0.5232177894048398,759.1894774270802,35.6751773700654
C17,1008.0,6100.0,1196.0,1008.0,133.9280057693299,10.542557209849253,0.9967866761508601,35.82492792865108,1.0,0.1460493827160494,127.1416532848303,0.024872205691615166,0.011634182281702628,0.0041809719996948195,1.0986788425902918,1.1646092907456043,0.0036622572279721047,0.0020794870593234295,6.483879931993148e-06,0.00022950291864267812,3.916086414275254e-09,102.46848410481374,10223.559406158694,21807.913920707277,19733.50329654274,409357113.9587122,1611378.2386888016,-12992.370296344641,273.3980156401965,262.99558984362596,0.8348623853211009,1121.044420584354,6.946594532684029
A06,1041.0,3840.0,1691.0,1041.0,120.97090063223565,23.719760666330075,0.9767056313955967,36.40662530459675,1.0,0.20380434782608695,108.46197490364999,0.029816128786144806,0.015085408136449567,0.005783169298847944,0.9166387637421383,0.7263416707030064,0.07046957764559286,0.008635430597738672,-8.645064733502484e-07,-0.002313717690363421,2.315466682950583e-06,64.42629607509582,3717.0792973916746,27505.654169712154,8820.035988520298,51354827.76316249,33240.39682481825,-577915.7894914448,257.84776310850236,248.1914294773705,0.58,914.6224249858896,35.16419037924871
A12,1038.0,4092.0,1977.0,1038.0,118.72530093533969,18.8800403211958,0.9887317930763027,36.3541283410165,1.0,0.2536656891495601,109.77249200050075,0.0217441062027924,0.008025472546571866,0.003402761882963302,0.8984544075804841,0.7222115319065062,0.033669229008238155,0.008601184802329607,-1.2543960170321071e-05,-0.0006700530027360564,-5.949212577800878e-06,103.6087565003647,7998.583705229816,123414.57628149276,32563.393982468264,104065417.57889514,366745.7497224808,321745.7823800924,260.73506473629425,252.69012894444467,0.5350140056022409,880.9810676366858,22.278495158123704
C03,1053.0,4386.0,1933.0,1053.0,116.71249477243455,21.245932631156215,0.983783847640446,36.61586050615398,1.0,0.22298221614227087,106.88779163215975,0.0340886549172198,0.01701429829610058,0.008346684977492943,0.8378807418810797,0.574211317029924,0.06122839509908259,0.010575847902030932,-3.285819263108045e-06,-0.001369293508445151,-3.9403886374261426e-12,51.65947653647987,2504.3893976218337,10016.415706736883,3473.9481211086295,4453201.791221187,13.902032444662352,-888833.5591422319,251.27922061357856,240.9091564934829,0.5263915547024952,851.3629022503477,28.211853335476782
B12,1025.0,4368.0,2003.0,1025.0,105.21051203764104,22.50726734798076,0.9768771275084784,36.12575996921783,1.0,0.21747448979591838,97.94386147176351,0.022568093385214007,0.008211124916892826,0.0032959487296864267,0.8162632648359126,0.5474578087900009,0.07413086983474694,0.016812074980177498,9.331865941911949e-05,-0.0004764821753096705,1.5887224429434705e-05,83.27781655567404,5003.047985272413,84778.09410008267,21952.596616279814,531851940.3517723,1026297.221168152,-22919867.27486831,253.07716446627535,245.58207722776893,0.49496170898831116,691.8282402014131,31.661067717092553
D06,1009.0,4968.0,1720.0,1009.0,115.6735717455228,20.288918574699373,0.9856849397071122,35.84269382507095,1.0,0.23575498575498577,114.49017425089369,0.028458075837338826,0.014890285821636522,0.00669871061264973,0.9309202645236812,0.6954097299969684,0.023901460100333255,0.00546417324189841,3.3393320237069936e-06,2.370245645341875e-05,3.447612569028855e-08,64.76857778944034,3543.3548974128453,9467.813598319319,1346.6022015130752,300801.50861641817,3769.6539424489147,130189.39655095732,261.2375900532359,250.35028273706945,0.5531798245614035,836.2734500229133,25.72751355817383
B14,1005.0,6392.0,1196.0,1005.0,131.17302403136813,10.238483428514265,0.9971273478402897,35.77129396118353,1.0,0.15623374410121363,126.56813224294899,0.019676508735790035,0.008101268332735393,0.002914473182269017,1.120425138724261,1.2277335160916723,0.015650099363133982,0.004587658810167338,6.323434155638151e-07,0.0007524073947942246,-6.886663897749984e-09,141.7857127330574,20010.706935658895,75075.61739167162,58307.81600613322,3716730444.2204995,7587991.940195108,1311917.633733728,268.59797974644664,259.0175707988993,0.818442133383147,1075.4246177105094,6.555336192438801
C05,1001.5,3757.0,2005.0,1042.5,105.75732044778795,27.185159116574006,0.9626692442248247,35.704238067562756,1.0,0.2698056414890141,94.46459982850259,0.03197528038452735,0.016634413216652127,0.0072861829556725415,0.7562786519462572,0.34878914402438954,0.0453543157422985,0.011706592861729651,-1.2128197478722082e-05,-0.0004907552844260258,2.2487313738001663e-05,43.09360082047674,1468.2554351881497,12906.740995037395,2533.6594669099113,1075858.5490584201,386.41559962445547,862143.198011711,256.27922061357856,246.51040255368812,0.5194646526150544,700.1931085041233,46.54830005970261
A14,992.0,5335.0,1371.0,992.0,131.48080003667164,11.537461045407978,0.9961579483406875,35.539465786323824,1.0,0.17272167487684728,125.67020331009256,0.021149004348821242,0.011552628715078042,0.003463797970550088,0.9923309028605881,0.9565546542562171,0.007892194849156048,0.0017346889273444723,1.409150534339687e-06,0.00020460591047349787,4.66375618372225e-09,100.7749772382422,9810.80195202904,15134.390470951012,5762.635930253195,38015010.65912972,403438.4978276301,2353903.334904086,270.1259377015544,258.97331425162423,0.8329718004338394,1080.450048642702,8.31956296089416
B23,1002.5,6869.5,1193.0,1002.5,131.42260744607466,10.050864380190372,0.99697221783366,35.72393635860753,1.0,0.1439631910809523,125.35946881116092,0.03141832608529793,0.015657615968460777,0.005317769130998703,1.0652123111053389,1.1042293547976687,0.005237577055617517,0.003188959267167839,2.6588785449254044e-06,0.0007617532763584563,-9.352339808138369e-08,74.35225658302902,5371.166548001011,5623.60888249364,3734.665254855656,14439353.332126647,192623.28548563924,113555.94270884077,266.71782079359116,255.54586727299096,0.8732571320295326,1079.4938743153398,6.316910504830993
B08,1022.0,3915.0,1852.0,1022.0,107.0088233478819,22.16501001652791,0.9796617596267957,36.07285426355026,1.0,0.2610472541507024,103.32473082471591,0.02549782558937972,0.012411200969795614,0.005081254291599908,0.7445867384259258,0.4251864632160638,0.04727650264214989,0.009063696568815517,2.8112140258051968e-08,-0.00023765705733707016,9.303928802539676e-07,68.66079032732868,4241.057858103362,23333.626659198002,3494.3279897842954,678212.4215688508,16881.732874472298,4378864.872299108,256.03657992645924,246.15378587785585,0.5052283984589984,715.6805171436371,30.70547931454891
A08,1014.0,4255.0,1808.0,1014.0,105.66736264756449,27.973449327351528,0.9612468075016561,35.93139154501889,1.0,0.23846153846153847,105.11898020814318,0.02887006942854963,0.013427257902662682,0.005676356145571069,0.7790644237521703,0.47212130073681563,0.08324839211474107,0.012786646944729857,-0.00023464349321483256,-0.0057655658913390116,-1.0085179718327055e-07,57.616939391434556,2385.9505853894257,50622.58663421965,6623.111221619414,-3665791.506173039,-63226.09984272481,6825076.8563937135,260.2081528017131,249.37431502364302,0.5007974481658692,697.8494705557441,48.90711670436898
A02,975.0,4284.0,1932.0,975.0,115.41793717634195,19.393627114244634,0.9850951811815294,35.233628199729644,1.0,0.23247978436657682,111.32834320154055,0.027267872129396506,0.013852476518060748,0.005508506904707409,0.846588742875639,0.6068361459836716,0.029727299923086217,0.005373708725754093,-6.41195876937459e-06,-0.0012371430634118752,-2.563491089942543e-06,68.50049128393968,3852.664666083321,21903.687072533095,6600.8711344800695,44940950.895590305,143130.4719099883,-5158169.156262867,254.9716087690037,247.6524173929178,0.5689783743475019,832.581263877626,23.50704829039779
C01,1032.0,4437.0,1633.0,1032.0,114.74373104858618,16.057334219598932,0.99053429152617,36.24890633062862,1.0,0.19367258118513558,110.4943437466371,0.031906614785992216,0.016111712787990777,0.006668192568856337,0.8239201102940322,0.5825315793428969,0.04118097793369666,0.0077027616371647244,-4.870408207644289e-08,-0.0004890512134438847,1.415402334278798e-05,56.30022131024695,2434.8607859076174,20126.631602352463,4515.956796150241,1095246.4249976315,15126.26014271343,-158889.8866140885,248.69343417595164,239.7984357589433,0.5556586270871985,822.8827384343926,16.11487388999393
E01,964.0,4360.0,1746.0,964.0,102.1249019227351,22.10335685058303,0.9762971304941276,35.03431062722223,1.0,0.22110091743119267,94.847245611035,0.030777447165636684,0.01617788889475774,0.007431143663691159,0.7999746465996834,0.5305381682214096,0.026240601978970407,0.007440950076617711,1.5069973639612647e-06,-0.000304071253435393,-7.482980876770028e-07,45.74977757816316,1657.3030780737217,13037.149331791326,1887.347687167565,1383689.581495661,-3263.4112503843794,57683.422182093855,247.82337649086284,237.63281081877994,0.5732052006783493,651.8434745455165,30.534899004013482
D10,1106.0,3816.0,2123.0,1106.0,109.58636485796522,32.66323840529676,0.958183232996672,37.526030118800065,1.0,0.25861244019138757,96.1041102138717,0.027725642786297397,0.012688681455191657,0.004592965590905622,0.7470574592374225,0.44392836112106765,0.04864264761034305,0.009718703708915779,1.8493075508441317e-05,5.196223008153565e-05,3.3274484421769225e-05,54.09852854221927,2336.05008936617,27198.550221128484,5092.90261783536,1012454.9909506254,14470.464650579073,-6488.103437169584,269.48023074035524,258.3948339210729,0.5539811066126855,750.5732101739422,66.68044644507833
B04,995.0,4096.0,1595.0,995.0,118.21713997453571,16.544528208480923,0.9904597984864937,35.593164329846914,1.0,0.2189695550351288,105.94810050208545,0.031830319676508734,0.017263979521769796,0.006546120393682766,0.8388774199350425,0.6316843047548155,0.018398590452276903,0.004028025264627523,9.584648010399775e-06,8.641974211732954e-05,5.063463715663051e-06,54.61518205510645,2659.800489819249,11587.005508441902,2847.4009790231307,5993665.875721911,23483.915002743746,306089.5368460771,260.9533188057741,250.08077669484317,0.5825991189427313,873.4557614849357,17.107588352576307
C15,960.0,2772.0,1294.0,960.0,129.4097283974477,11.53122020065098,0.996271444295921,34.961549778946534,1.0,0.2536075036075036,124.4025723206719,0.027313649195086595,0.01352661025653552,0.004547188525215534,0.9915858664943316,0.954399577132623,0.02320530923508324,0.004104969454254493,1.8930047332308017e-12,-0.00020416137822046603,9.055150496666745e-06,75.94751845500296,5583.004303592623,12602.73071146743,2564.045061124291,6758363.388188177,43355.62929003657,35696.49260835163,267.1543289325507,255.95970293868322,0.7266129032258064,1046.6798627438238,8.310564957243827
A16,957.0,5198.0,1137.0,957.0,132.73834538701536,10.739991774472827,0.9964501994924105,34.906879612929465,1.0,0.19777674849467347,125.67418191498204,0.024383916990920882,0.011692173708258822,0.0039673456931410694,1.0056237883308887,0.9841224926780211,0.009533860798268175,0.00503525363990014,3.313333362466142e-06,0.00018143533392212907,5.53583324603227e-07,99.91536636379723,9732.83548159446,24719.546016939006,14391.694850570619,267961707.47510213,1953240.204449824,4144138.7130105346,267.7533546995239,257.6720239670557,0.8368794326241135,1101.2167710051613,7.209213957233999
C22,1066.0,4500.0,1289.0,1066.0,132.8090655955636,11.124800918143526,0.9965159783798054,36.84119100528216,1.0,0.22655663915978994,126.11502686040232,0.035034714274814985,0.015579031720124868,0.004638742656595712,1.0059661350302354,0.9841989160967183,0.003966811884158333,0.002128940247220399,1.7346808018270146e-06,0.0007940171423107564,-3.9461288981644665e-08,70.6888383761324,4830.539266954698,10621.828156833339,10160.104412203102,101811703.0188152,354742.6707675155,8141.384317557793,270.953318805774,259.5613711845283,0.8438880706921944,1102.3904940229195,7.735074716770441
C09,951.0,3772.0,1602.0,951.0,110.9210117113741,18.024911929058117,0.9884188045993832,34.79728160421644,1.0,0.22261640798226165,106.82696288858914,0.028809033340962846,0.014448679801163208,0.005996795605401694,0.8518374763849194,0.6187388989002185,0.03638741313281348,0.005085152926949715,-6.839585774235481e-06,-0.0012637216295971886,-2.350429990195419e-07,54.05221087022546,2597.8056011169906,7911.03600016389,3483.227279564813,598765.9524931833,-13456.149984767451,-846589.7384585701,243.6223663640862,233.6500034728769,0.553952321204517,768.9669274421744,20.306090628143853
A18,1018.5,6339.0,1285.0,1018.5,135.1163191492015,10.87146217399432,0.9968226526758992,36.01045880229786,1.0,0.1720274249536209,129.80525355491517,0.031830319676508734,0.01499011797263718,0.0045700770580605786,1.1121615121615918,1.2081273654411306,0.013357156081835998,0.005027131204212441,2.4707115655496664e-05,0.0023357008904083664,1.5851967016605942e-07,80.95201653380107,6406.783713051233,16762.936897446725,12622.890427577615,175316135.25830325,1124276.0539177018,1004410.11574338,275.737590053236,265.685281046369,0.8416677025496533,1141.0264532920496,7.386814193430034
E04,973.0,4750.0,1853.0,973.0,117.69323445131428,26.409854618654517,0.9767611427010918,35.197472594311556,1.0,0.19415584415584416,112.0446339634344,0.026169222552834364,0.01358755030578496,0.005432211795223926,0.9558954748732724,0.7813863652888005,0.16139152938098295,0.019708051093987683,-0.0008877036776870648,-0.008133079352867974,5.305962862504701e-10,61.442188426183776,2790.5525576359887,32741.06349927182,11329.191545392106,-11438106.562123813,-89998.97354663373,173585.6773158596,258.24978336205567,247.80351869684813,0.5,865.7310897257519,43.59252631115421
C16,936.0,5994.0,1220.0,936.0,130.70128367540255,10.701559814089158,0.9968285751050545,34.52158702983414,1.0,0.17364334942706497,124.13125853295085,0.021164263370717938,0.01126079002979253,0.003547722590981918,1.1144102258547552,1.2130472167914068,0.031169205823336123,0.0061771158892729916,1.4701119069568059e-05,0.0007664988483639086,6.51698226652469e-06,102.59527677635188,10081.972214068108,85049.797298763,29253.898583828544,41658787.15653163,248880.98372492485,30628.46886217501,266.50409434773144,256.5858256567418,0.7649720962472468,1068.042314366769,7.170573376705933
B07,1117.0,4899.0,2257.0,1117.0,110.23577952711513,31.632927369198292,0.9603926103748671,37.71218067772237,1.0,0.2544,106.0,0.03343251697566186,0.017036974825075,0.006698710612649728,0.7062697157961807,0.37465943649207034,0.04834482326877267,0.007779383567896196,-1.2877901216405073e-05,-0.0007145924757225125,-4.8450659975154034e-05,45.486753116979045,1527.0374130666785,8778.863863384973,1664.2067428508,1317493.6415125579,-11289.70118866973,-1978506.514721101,265.48023074035524,254.9115704135238,0.49079320113314445,759.4954429969209,62.540130871560905
A07,1033.0,3610.5,1780.5,1033.0,106.34197978945247,18.865408730018622,0.9838633084498845,36.26595047101463,1.0,0.22499416630818092,101.97532766780056,0.03430228122377356,0.016956734483804962,0.006080720225833523,0.8587534699714119,0.6414307806579959,0.05026159400001379,0.011851891343842454,2.8055610938835632e-05,0.00029774583303737604,2.250846984166034e-05,55.48217242845571,2487.365215140192,5820.499843508816,2935.9633747192956,3531794.4345529387,16440.65198192143,847531.6131213296,251.7436867076458,246.97047814594345,0.5899535360909154,706.7897916356505,22.25997475268459
D13,1047.0,4736.0,1348.0,1047.0,132.6402322342931,11.23380211860019,0.9966409017626942,36.511392788247825,1.0,0.22,125.89678312014172,0.029190508888380255,0.01302090556253171,0.0037232013427939267,1.0777315482738934,1.1351827867243833,0.015019928946313318,0.0031220899482902855,9.70735172280244e-06,0.0001228379243750422,1.017855141282266e-07,82.72290906501459,6670.1091632567895,28567.701176454324,27669.546860255236,346430457.5123681,1468547.0927696503,61869.13431902183,268.5685424949238,257.30046146935047,0.8412816691505216,1099.5894504479506,7.887394377491631
E02,940.0,4425.0,1619.0,940.0,116.8437044633581,17.163879463318338,0.9896596382890188,34.595450164018,1.0,0.2261601223865375,106.53168542738823,0.02868696116578927,0.01681275204362986,0.007522697795071337,0.8840419712563358,0.7440701192835264,0.07167424381174431,0.017014091586237175,3.600619856111157e-07,-0.0006013611348527318,-7.532664362446638e-08,62.04731456801328,3641.668215557209,21199.974969460527,6360.592629468512,17682920.391844403,66421.53332942467,773231.2424823642,247.16652224137044,237.4027730226523,0.6012311901504788,853.2782045450356,18.41242238945756
A01,1046.0,3720.0,1574.0,1046.0,97.13131419942158,28.885193780686844,0.9455561549509582,36.493952427669164,1.0,0.23193741371375978,95.01578816175763,0.03105210955977722,0.015958529168733932,0.0054169527733272296,0.711994929294355,0.33132399291883413,0.014857089817454486,0.002335928670179873,3.652289568053734e-10,4.094615689124481e-06,-3.402970596636976e-09,45.24444207584993,1382.1532783726152,10675.846537094405,4194.961445101733,10538336.997873284,41237.923015554195,5679.670852018179,251.8528137423857,241.8456559608107,0.6526492851135408,589.6557623816723,52.14715123423937
B01,978.0,4407.0,1628.0,978.0,117.68274791110036,18.58244350545587,0.9878191227393628,35.28779214899948,1.0,0.24631751227495907,112.36102527122117,0.028412298771648737,0.014431083856413692,0.006408789196612497,0.8731400159440463,0.7233194672447854,0.03703912201159922,0.007109307291591233,2.498322917508722e-10,1.3189707167266621e-05,-1.727297723266685e-10,57.3695530495988,2936.256748889347,21583.404396634753,3957.306844423694,9085222.56747577,15814.71058418064,175304.40981910963,261.0782104868019,250.19918143313913,0.5791433891992551,865.5768222442248,21.58170041459119
C10,999.0,3660.0,1856.0,999.0,111.17347362688973,28.061792520300262,0.9604516050127607,35.66463661935206,1.0,0.2623626373626374,97.16480844420988,0.0225986114290074,0.010301449209815931,0.0037994964522774094,0.8372012309799444,0.5310525745805004,0.04290139320406873,0.006583529269954912,5.8895406521809235e-06,-0.00022680400900556424,-3.662328080958786e-07,85.05484622687095,5006.960390256189,54144.93058796653,35720.76089179233,775496104.1535012,847882.4014140788,1984859.3275643685,253.1370849898476,243.95546437205823,0.49095780308104486,772.4713273917966,49.21651246577373
D24,1093.5,5152.5,1281.5,1093.5,135.20860217829534,10.837052100911166,0.9968588486161902,37.31243095309389,1.0,0.20057009514769364,128.80929184067548,0.03272297245746548,0.013892096246982422,0.004486152437628748,1.05753575664636,1.0910843864988675,0.0041163025244094105,0.001303641739993104,1.1722253694736401e-07,0.0002713622121421208,-5.781672905614683e-09,84.86303929637936,7004.159402914404,29358.14241806607,21930.523327204755,441441966.5219991,1661316.8112288937,-160985.28750130231,275.04877323527904,263.44410545424046,0.853444222299594,1142.6952180320077,7.340544003497762
D22,941.5,6500.5,1139.0,941.5,130.0451576977109,10.105389281236716,0.9970057181999611,34.6230406932456,1.0,0.14618772764528185,125.08160260856062,0.026344701304646372,0.01267648750982384,0.004158083466849775,1.095759066037819,1.1732711582182613,0.005665730194309451,0.0031912611267767435,1.090266318230615e-05,0.000930408049564231,4.665453515394814e-08,95.28615133514944,8849.460547354593,31060.893878409166,31194.453903706923,1012903108.4991885,2726872.5076820515,454568.9840312265,267.84166645409243,257.83468525262674,0.849238855921346,1057.1344005845056,6.383226838554762
C21,975.0,6188.0,1237.0,975.0,131.3110407463473,10.38626832387899,0.996924811623148,35.233628199729644,1.0,0.13222900319674513,126.37246535539299,0.028290226596475166,0.01596562829262833,0.00477607385366598,1.0787516858395318,1.1314202289883657,0.00447298138877165,0.002604408231367006,5.122901709587701e-06,0.0012991562908045,2.9052146877178123e-08,75.76996396101586,5600.556030974702,5136.2476162024495,1846.7078816707026,3268007.5929823103,134198.43385033426,7421.976086630722,268.5756851698602,257.30723314981486,0.8593247588424437,1077.661838868055,6.742160605975755
D09,1096.5,4744.5,2485.5,1096.5,119.75185721458655,29.658472005163237,0.9653282252097377,37.36332763419361,1.0,0.22690972222222222,109.59093095555473,0.03193713282978561,0.016866331719345415,0.00729381246662089,0.8319234458339422,0.5346983645174646,0.10102225076565628,0.02446898578997888,-3.7874283937084943e-06,4.229283038361775e-05,3.603802318644148e-05,49.500672005780096,1763.344028661379,27686.353749994974,6946.45422592391,930199.6788716567,124.03701952479605,23971235.96943167,269.2436867076458,260.2235763084534,0.4507674971329544,896.755056075875,55.94109551252458
C18,1040.0,4514.0,1231.0,1040.0,132.87386985381875,10.481335155355096,0.9967750335256773,36.38913473173784,1.0,0.22441293752769162,126.64912159190051,0.03187609674219882,0.014077916020677412,0.004913405050736248,1.0280261574745695,1.0277196581086614,0.0062371325758884925,0.0026499942358549204,1.0000372720131305e-05,0.0017271698013597214,1.961146708689425e-09,73.03106468830141,5178.22498964296,7950.713711008176,3945.3072263377335,23237612.046396103,257220.92500165748,-79939.72818541294,269.373629022557,261.496958328564,0.8547681539807525,1103.4665806205976,6.866149164930164
C06,1009.0,3942.0,1999.0,1026.0,97.54561176575722,31.508328756263996,0.9547088291080813,35.84269382507095,1.0,0.25164890918315574,91.52595260361949,0.028198672465094988,0.014337485967149505,0.006485084306095979,0.7701051360070768,0.4273126855365762,0.12855894294918246,0.016171719131477916,-0.00031354251999383053,-0.0020522433926056273,-1.476862479938057e-06,60.80472415473675,1968.1181328512675,28137.397583555095,3826.691023034696,-9876485.952828407,-51214.259917064875,20233871.945634454,256.69343417595167,246.04215282002423,0.5132566283141571,594.6966484222396,62.04842381330079
B17,1027.5,5731.5,1259.5,1027.5,134.93690021663693,10.466573889373816,0.9969204081125018,36.16876001162605,1.0,0.19171646439056406,127.49176679915499,0.027557793545433737,0.015096058231756158,0.005081254291599909,1.0754811538381395,1.1285538987746704,0.005217059754706975,0.0018386718693349595,4.519926994200825e-06,0.0011377056142884458,-5.751512893805286e-07,76.79097817142178,5748.082911120823,4026.4499854131927,1963.2178252574918,5662390.6946149655,125805.98017043338,11435.20953201245,274.1579002700189,262.59950492169503,0.8323622704507512,1137.998583423616,6.846833734821131
D05,947.0,4600.0,1876.0,1030.0,119.52595334038062,22.489606921376566,0.9845469936428826,34.72402408800281,1.0,0.22828014184397163,114.85643212288984,0.028671702143892575,0.014625127638530147,0.006378271152819104,0.9369783848771058,0.7458267132454046,0.05836434467604699,0.012436605355243519,-3.629612478931673e-05,-0.0029790415127586584,7.936828568550644e-06,64.4109103964321,3933.0464449336173,20942.163808630594,4572.632134227379,6341.855059360065,-24900.600476581927,3432104.1398949036,263.56349186104046,252.5553759233315,0.5047974413646056,892.903345120428,31.611401217376795
A05,1023.0,5244.0,1978.0,1023.0,114.57525919242268,23.079646711103287,0.9808255288030516,36.09049811604256,1.0,0.20907407407407408,108.93117092916977,0.02903791866941329,0.015415718565448893,0.006805523765926604,0.8829314707463596,0.6938258850705804,0.03883378843476146,0.008080518448635377,-2.0196877864130004e-07,-0.001348675565870297,4.3219898508252224e-05,61.36788356139644,3045.553699160442,28268.388745782147,7461.637402649643,142854.48946457964,-13291.174511531572,16132317.87949783,263.9655121145938,252.93651502338946,0.48685540950455003,820.4681261881774,33.291880769333794
A11,991.0,5328.0,2041.0,991.0,113.89634321073578,22.929647170288355,0.9785082459262083,35.52154823248202,1.0,0.18680504077094143,103.46496991735899,0.021713588158999007,0.009257211088293716,0.003402761882963302,0.8686024271248012,0.5903206917499455,0.06720162922455655,0.016005303364697472,0.00012895449969326363,0.0021126037221658664,2.0411965556020553e-05,99.78250538489095,7114.727639533191,75718.16980416497,13458.406394745842,71952818.43672064,145084.64080229067,-7692639.905713731,254.5929291125633,247.42237959679017,0.48554630083292505,810.7735622986074,32.860544959619546
D03,946.0,4118.0,1863.0,957.0,115.82163575723693,27.057536889964,0.9712997741128767,34.70568554746418,1.0,0.23662777900066034,105.19030373565806,0.03074692912184329,0.015201406668902294,0.00610360875867857,0.955848466094172,0.7621270622829348,0.10334941588686804,0.013152518097434607,-7.051183868198684e-08,-0.0005151578788066762,-5.1569869201622605e-09,59.285619072270904,3413.4692876846425,15524.993961720647,3891.8703428317617,-254.00432316834687,10.672435764248998,-283981.61858567194,250.8355697996826,244.18550216818585,0.5050928699820252,838.4157068426291,45.756893909485164
C12,1032.0,5320.0,1917.0,1032.0,117.98526535624406,20.621917550887684,0.9832371649332556,36.24890633062862,1.0,0.19806498722161373,102.82509421342633,0.025406271457999542,0.010685762140179128,0.0037537193865873194,0.8790346480796406,0.7069503864205621,0.10489105474434708,0.01701880286320768,2.1662344255667954e-07,-0.003343075443519763,-1.1668809620023202e-05,102.88110524388874,5769.954148739338,103670.40396017238,48618.205928799085,10504.04400762552,4641.347290512771,7237148.601216793,255.13098833543773,252.74594547336045,0.5179968701095462,870.0326775739577,26.578967717225595
B20,884.0,5754.0,1060.0,884.0,128.68170713318761,9.278911398833777,0.9972961620789117,33.5488615812148,1.0,0.15337553344988003,123.0361286538764,0.02708476386663615,0.013700157216716746,0.004959182116426337,1.192816986600974,1.3871279512318118,0.00731909779818463,0.002410510490318766,8.254545342788982e-06,0.002115390911975855,-1.3170234195463214e-07,90.01061374636521,7938.589232637099,8963.562276745048,6967.357803393075,59890009.164429404,609292.1492385317,134816.68482364132,262.3883476483185,254.08331816379552,0.8473657685236171,1034.937404112121,5.381388517328111
D20,1017.5,5312.5,1257.5,1017.5,132.9418262463994,11.042137929211862,0.9965765534536157,35.99334881001219,1.0,0.17517881042833694,125.07372855105652,0.03113603418020905,0.014665047939265301,0.005546654459449149,1.0861853831641373,1.1509265783918452,0.021200130071484427,0.0036515728064281964,3.9587698561072395e-06,-0.00014009684198027297,-9.210181035738672e-07,78.03197799272418,5817.05516680618,18058.06705634942,10456.867668035164,129216378.85930781,679164.342325889,-109608.08475906402,269.43912319027584,258.2519067585512,0.7834177137035779,1104.6520937997122,7.620550780201988
D19,973.0,3024.0,1323.0,973.0,134.03629410673682,11.506047818318493,0.9961407337020083,35.197472594311556,1.0,0.2816257816257816,129.29423807734048,0.024628061341268024,0.012499898714431416,0.004333562218661784,1.0536761897077598,1.0740318706228722,0.025258092915389278,0.004389375789747996,6.136031344553705e-07,9.856649741011886e-05,2.4921674620958502e-08,85.66143904783985,7100.345677630521,15455.849762612768,8975.421142924517,86533839.56798023,528950.6044830697,-1708800.7981677055,270.3847763108502,260.3631176307429,0.8149100257069408,1122.8580086167283,8.274321024839484
C24,985.0,4484.0,1164.0,985.0,128.9904078875652,10.400700116448647,0.9968489348214162,35.413852537730705,1.0,0.21515934539190354,122.48265183282079,0.024704356450751506,0.01194260537615075,0.004455634393835355,1.0523898505217426,1.0815584725006275,0.010521051665906526,0.00320244567836885,7.592717576059016e-06,0.0003988688088246103,-2.458833225051187e-08,87.9164986692971,7155.049510530496,17167.190546753274,14681.463321209641,254893307.14657035,996997.7512153205,30629.66295607057,262.1959594928933,251.65157302163803,0.8332155477031802,1039.9078329375275,6.7609101820184305
D16,1072.0,3332.0,1290.0,1072.0,134.1745673266392,11.423485196339852,0.9960107690430815,36.94472617243352,1.0,0.2510548523206751,127.94530081249565,0.023056382085908295,0.012766869298287081,0.004043640802624552,1.032377748621319,1.031225177609927,0.01170747256915994,0.0026094490918571957,2.0856035498705034e-06,3.6485372083339746e-05,-4.838057318438991e-11,84.5152864041018,6930.669370112296,13901.7513730203,9204.257924891683,95257459.22699451,686723.1798310952,1978.3947325217305,274.71782079359116,263.13034286473913,0.8295719844357977,1125.175907330677,8.156000876937235
B02,980.0,4500.0,1885.0,980.0,111.37933843157231,25.60423712041942,0.97411140260962,35.32385530828224,1.0,0.19592413236481032,106.06601717798213,0.03062485694666972,0.015916089658957543,0.006469825284199282,0.8264802697555286,0.5423515739774245,0.05109604111804553,0.008708596000318654,-5.1985601818251224e-05,-0.0022659992868906045,2.5717573275550374e-07,55.212353779867094,2391.781703278606,16774.16185353767,3797.9773140684174,82453.58692388912,-6880.792553351705,-2365020.5447426206,248.45079348883235,240.58383392234077,0.5209549071618037,775.33481434092,40.97355990741649
A20,991.0,5382.5,1268.5,991.0,132.4853613055111,10.851742808374365,0.9965277892727716,35.51935963018869,1.0,0.1767857204523871,126.68625685487038,0.026688029297322044,0.013695867169150028,0.004760814831769284,1.11205684920256,1.2016506827967963,0.011999189868731204,0.002590879611880469,5.198751607586274e-06,0.001394920572483758,-1.0335330569981638e-07,84.05446190927009,6847.200453893041,14987.860722081212,5002.723136368266,31625875.212892517,183984.28350678604,4263.076905749327,274.2878425849301,262.72269796116746,0.8221153846153846,1097.2469517849604,7.360623475266934
B11,1021.0,4950.5,2000.5,1021.0,119.70555518892996,21.572124883227914,0.9844935301443482,36.051309657311535,1.0,0.1984297307507463,116.4087089894231,0.02382696269169146,0.01043291767879485,0.0043106736858167394,0.9324451654945376,0.7922824397851231,0.06716034799427248,0.013602752365341697,-5.5402143973777476e-05,-0.004279185199750351,-7.5846915349108615e-06,91.03799478620356,7006.391670201803,73816.41737377195,18389.20560283628,186155775.36951366,83987.75710418458,2700871.271380581,254.54215357060588,245.2288463921689,0.5131749169543989,895.5899416550265,29.11274561035756
B13,897.0,3192.0,1163.0,897.0,130.43242510224005,9.575603707313322,0.9970133595041457,33.79490896018868,1.0,0.26808176100628933,120.41594578792295,0.015884641794460974,0.007810558621422867,0.0027924010070954457,1.1129563100933209,1.1456984098222138,0.006155204628883304,0.004831194557828944,6.316440277448502e-06,0.002391914755451205,4.2996335061033165e-08,137.66719004210964,18520.137719002,234870.4249171944,226738.47667169114,52323372604.54929,28643894.221487127,2069724.0867469534,260.7766952966369,249.91332710809564,0.8126829268292682,1063.2885948782161,5.73076164746954
B03,961.0,4508.0,1896.0,961.0,108.8213493835899,29.541339639552174,0.9627441550012759,34.97975417996089,1.0,0.24963924963924963,103.94229168149026,0.02883955138475624,0.01567870603494316,0.00755321583886473,0.8519041533112434,0.5833811925515116,0.06630730152577637,0.011884039909177673,-4.122320836457864e-06,-0.0006597737527812352,-3.1256933363490716e-06,56.84309293349689,2539.069804415116,27931.882800028805,3458.885358570921,-22753.909751217165,-4366.3085214400235,2430.685383380936,258.04267658086917,249.64382106586936,0.5068565400843882,740.130380104084,54.54317173121103
C23,917.0,4512.0,1190.0,917.0,122.65288073250929,11.097014366291857,0.9957858805885818,34.16958680642984,1.0,0.23217074440395627,117.17508267545622,0.0302891584649424,0.01723129025992586,0.005142290379186694,0.9634423412130089,0.8942754313417198,0.008059158260831388,0.002551138872333273,7.043775928465438e-06,0.001776324600124233,1.0522265473141416e-08,61.02709404034685,3576.5540079511893,7299.2119295487555,4772.940175619705,24573396.402674705,239450.4721922949,-295.7719181486216,251.88834764831844,242.6310541242081,0.846820809248555,940.2330719989468,7.696482990355491
A21,939.5,4660.5,1199.0,939.5,132.9704734106704,10.252912614698145,0.9970953087878178,34.58624679806614,1.0,0.21395539905099145,126.59661501511223,0.02346074616617075,0.011180212072352117,0.003654535744258793,1.124073708714562,1.2292498783449295,0.011178766268892531,0.0022076550982966744,2.459748666488331e-06,0.0006826199281128255,1.1414652943288911e-06,105.94108734626343,10880.61245248983,23904.02062352967,19730.367094739893,452413275.88683563,1854510.6559616053,157276.66240150426,269.48327906756015,259.37080163449934,0.8219938713162699,1105.1045780857166,6.570903384376463
D17,992.0,2640.0,1229.0,992.0,128.1882346587959,10.288765396226923,0.9968587144444631,35.539465786323824,1.0,0.31776556776556775,125.31959144523253,0.02766460669871061,0.013836004505002683,0.0036011291676203553,1.1035888508900562,1.190426779226156,0.027813774617589708,0.010896618667251437,0.0001442701611451495,0.007117238621249079,3.980052757356744e-07,89.09268982843007,7763.3082420667815,58537.926367122695,55776.638662831734,3187109021.900678,4670525.306058416,35678.84888533384,257.1543289325507,255.86441816366874,0.8178096212896623,1027.0139690586575,6.616168336162284
D14,976.0,4068.0,1138.0,976.0,125.83027457014907,10.53160499861659,0.9964125319331377,35.25169209643019,1.0,0.24926253687315633,118.29623831720095,0.026413366903181506,0.01293492371349523,0.0041809719996948195,0.9926317244581968,0.9563762777995036,0.006343009821564703,0.0014545979602332165,2.036531499781693e-06,0.0004622089317932377,-3.3109210827497723e-09,82.42843883129802,6555.153663726538,4838.434642346202,2703.0173145620224,5447705.641359603,122299.41688917208,33613.44126988901,253.30360723121808,242.82839535470148,0.8497615262321144,989.578624899944,6.932168990430371
A23,1005.5,4443.0,1209.0,1005.5,132.0003105209222,10.69821839398723,0.9965874954006102,35.778792260786446,1.0,0.2520099712540424,127.62009676345059,0.026756694895857178,0.012726252386923438,0.004844739452201114,1.0211447338762578,1.0101046805321052,0.0053680267556535585,0.0032049888252438817,1.1035266840684245e-05,0.002549009208188899,2.7331552904821057e-07,74.69623282150869,5372.811100864126,21727.929174744982,15534.7414085056,265016114.7947034,935135.8511962879,3827.231079444145,273.3203281636579,264.7569557204498,0.8396049633706053,1089.0181954953096,7.153789446016388
B18,1046.0,4346.0,1240.0,1046.0,133.2124429924006,10.77131027171912,0.9965349636681693,36.493952427669164,1.0,0.2321153846153846,125.29964086141668,0.03271534294651713,0.015797756583661143,0.004852368963149462,1.0903522333022992,1.1618314479393095,0.00616497817483086,0.0016607826035223646,1.372144006752984e-06,0.000507928089878047,5.4507341316683946e-08,73.50092907266911,5258.128380613961,10618.905167331506,8311.790206121059,76645040.4555846,458250.5636343701,217124.28980903327,269.747258045114,258.41795388435446,0.8340978593272171,1109.0971855002238,7.251320310602614
D15,1034.0,5014.0,1315.0,1034.0,135.38900092924365,10.55178842589409,0.9969808598847225,36.2840142384516,1.0,0.19425608296769048,128.08200498118384,0.031570916304264895,0.014780410746762578,0.004287785152971695,1.0684743798582532,1.1089657198816714,0.0022358831718851365,0.0015670540252317178,6.472066982176595e-07,0.000347121252451063,1.4250930074089734e-07,80.6369152859894,6336.497140389372,24625.960423659366,21462.61335338654,456596552.87649727,1564194.2602416954,7185.099682907399,272.03152929257595,261.7501160879732,0.830204081632653,1145.6363482886713,6.958764936552029
